prediction,target
1,1
1,1
0,0
1,1
1,1
1,1
1,1
1,1
1,1
1,0
1,0
1,1
1,0
1,1
1,1
1,1
1,0
1,1
1,0
1,1
1,1
1,1
1,1
1,1
1,1
1,0
1,1
1,0
1,1
1,1
1,0
1,0
1,0
0,0
1,1
1,1
1,1
1,1
0,1
1,1
1,0
1,1
1,0

Metric logloss = ,10.442178797744214

logloss,auc,f1,accuracy,precision,recall,mcc
4.1767829593768715,0.5541871921182266,0.8115942028985508,0.6976744186046512,0.7,0.9655172413793104,0.1993421034805062
,,0.0,0.0,0.0,0.0,0.0
